SubjectID,Gender,Age_at_scan_years,Survival_from_surgery_days,IDH1,MGMT,KPS,GTR_over90percent,Time_since_baseline_preop,PsP_TP_score
UPENN-GBM-00001_11,F,52.16,Not Available,Wildtype,Not Available,Not Available,Y,0,
UPENN-GBM-00002_11,F,61.3,291,Wildtype,Not Available,Not Available,Y,0,
UPENN-GBM-00003_11,M,42.82,Not Available,Wildtype,Not Available,Not Available,Y,0,
UPENN-GBM-00004_11,M,33.43,Not Available,NOS/NEC,Not Available,Not Available,Y,0,
UPENN-GBM-00005_11,M,53.33,Not Available,Wildtype,Not Available,Not Available,Y,0,
UPENN-GBM-00006_11,M,52.99,626,Wildtype,Not Available,Not Available,Y,0,
UPENN-GBM-00007_11,M,56.96,Not Available,Wildtype,Not Available,Not Available,Y,0,
UPENN-GBM-00008_11,F,55.06,469,Wildtype,Not Available,Not Available,Y,0,
UPENN-GBM-00009_11,M,69.12,561,Wildtype,Not Available,Not Available,Y,0,
UPENN-GBM-00010_11,M,77.54,Not Available,Wildtype,Not Available,Not Available,Y,0,
UPENN-GBM-00011_11,F,39.61,798,NOS/NEC,Not Available,Not Available,Y,0,
UPENN-GBM-00012_11,M,53.85,882,Wildtype,Not Available,Not Available,Y,0,
UPENN-GBM-00013_11,M,69.45,472,NOS/NEC,Not Available,Not Available,Y,0,
UPENN-GBM-00014_11,M,68.06,272,Wildtype,Not Available,Not Available,Y,0,
UPENN-GBM-00015_11,M,54.9,Not Available,Wildtype,Not Available,Not Available,Y,0,
UPENN-GBM-00016_11,M,70.89,509,Wildtype,Not Available,Not Available,Y,0,
UPENN-GBM-00017_11,M,69.23,1297,NOS/NEC,Not Available,Not Available,N,0,
UPENN-GBM-00018_11,F,57.21,1170,Wildtype,Not Available,Not Available,Y,0,
UPENN-GBM-00019_11,F,43.12,Not Available,Wildtype,Not Available,Not Available,Y,0,
UPENN-GBM-00020_11,M,50.86,425,Wildtype,Not Available,Not Available,Y,0,
UPENN-GBM-00021_11,F,49.04,510,Wildtype,Not Available,Not Available,Y,0,
UPENN-GBM-00022_11,F,53.88,1882,Wildtype,Unmethylated,Not Available,Not Available,0,
UPENN-GBM-00023_11,M,55.57,Not Available,Wildtype,Not Available,Not Available,N,0,
UPENN-GBM-00024_11,M,54.26,Not Available,Wildtype,Not Available,Not Available,Y,0,
UPENN-GBM-00025_11,F,64.32,Not Available,Wildtype,Not Available,Not Available,Y,0,
UPENN-GBM-00026_11,M,52.43,363,NOS/NEC,Not Available,Not Available,N,0,
UPENN-GBM-00027_11,F,65.08,Not Available,Wildtype,Not Available,Not Available,Y,0,
UPENN-GBM-00028_11,F,67.35,Not Available,Wildtype,Not Available,Not Available,N,0,
UPENN-GBM-00029_11,M,22.03,1504,Wildtype,Not Available,Not Available,Y,0,
UPENN-GBM-00030_11,M,66.81,502,Wildtype,Not Available,Not Available,Y,0,
UPENN-GBM-00031_11,M,65.92,2207,Wildtype,Not Available,Not Available,N,0,
UPENN-GBM-00032_11,M,63.26,Not Available,NOS/NEC,Not Available,Not Available,Y,0,
UPENN-GBM-00033_11,M,60.52,707,Wildtype,Not Available,Not Available,Y,0,
UPENN-GBM-00034_11,F,53.63,464,Wildtype,Unmethylated,Not Available,N,0,
UPENN-GBM-00035_11,M,56.25,364,Wildtype,Not Available,Not Available,Y,0,
UPENN-GBM-00036_11,M,42.14,Not Available,Wildtype,Not Available,Not Available,Y,0,
UPENN-GBM-00037_11,M,58.41,Not Available,Wildtype,Not Available,Not Available,Y,0,
UPENN-GBM-00038_11,M,57.99,Not Available,Wildtype,Not Available,Not Available,N,0,
UPENN-GBM-00039_11,F,64.5,Not Available,Wildtype,Not Available,Not Available,Y,0,
UPENN-GBM-00040_11,M,52.45,360,Wildtype,Not Available,Not Available,Y,0,
UPENN-GBM-00041_11,M,65.65,598,Wildtype,Not Available,Not Available,Y,0,
UPENN-GBM-00042_11,M,62.05,Not Available,Wildtype,Not Available,Not Available,Y,0,
UPENN-GBM-00043_11,M,63.48,172,NOS/NEC,Not Available,Not Available,Y,0,
UPENN-GBM-00044_11,M,63.41,Not Available,Wildtype,Not Available,Not Available,Y,0,
UPENN-GBM-00045_11,F,50.8,538,Wildtype,Not Available,Not Available,Y,0,
UPENN-GBM-00046_11,M,58.75,Not Available,Wildtype,Not Available,Not Available,Y,0,
UPENN-GBM-00047_11,M,63.44,437,NOS/NEC,Not Available,Not Available,Y,0,
UPENN-GBM-00048_11,M,65.22,Not Available,Wildtype,Not Available,Not Available,N,0,
UPENN-GBM-00049_11,M,57.67,Not Available,Wildtype,Not Available,Not Available,Y,0,
UPENN-GBM-00050_11,M,54.04,Not Available,Wildtype,Not Available,Not Available,Y,0,
UPENN-GBM-00051_11,F,60.21,Not Available,Wildtype,Not Available,Not Available,Y,0,
UPENN-GBM-00052_11,M,53.35,Not Available,NOS/NEC,Not Available,Not Available,Y,0,
UPENN-GBM-00053_11,M,64.0,Not Available,Wildtype,Not Available,Not Available,Y,0,
UPENN-GBM-00054_11,F,39.88,412,NOS/NEC,Not Available,Not Available,Y,0,
UPENN-GBM-00055_11,M,57.87,Not Available,Wildtype,Not Available,Not Available,Y,0,
UPENN-GBM-00056_11,F,68.84,Not Available,Wildtype,Not Available,Not Available,Y,0,
UPENN-GBM-00057_11,M,65.95,673,Wildtype,Not Available,Not Available,Y,0,
UPENN-GBM-00058_11,M,50.92,392,Wildtype,Not Available,Not Available,Y,0,
UPENN-GBM-00059_11,M,56.53,369,Wildtype,Not Available,Not Available,Y,0,
UPENN-GBM-00060_11,M,59.07,445,Wildtype,Not Available,Not Available,Y,0,
UPENN-GBM-00061_11,M,60.22,Not Available,NOS/NEC,Not Available,Not Available,N,0,
UPENN-GBM-00062_11,M,61.4,427,Wildtype,Not Available,Not Available,Y,0,
UPENN-GBM-00063_11,F,80.8,1152,Wildtype,Not Available,Not Available,Y,0,
UPENN-GBM-00064_11,F,73.75,879,Wildtype,Not Available,Not Available,Y,0,
UPENN-GBM-00065_11,F,75.64,111,NOS/NEC,Not Available,Not Available,Y,0,
UPENN-GBM-00066_11,F,62.46,493,Wildtype,Not Available,Not Available,Y,0,
UPENN-GBM-00067_11,F,72.39,Not Available,NOS/NEC,Not Available,Not Available,Y,0,
UPENN-GBM-00068_11,M,52.2,389,Wildtype,Indeterminate,Not Available,Y,0,
UPENN-GBM-00069_11,M,50.77,296,Wildtype,Not Available,Not Available,Y,0,
UPENN-GBM-00070_11,F,75.63,Not Available,Wildtype,Not Available,Not Available,Y,0,
UPENN-GBM-00071_11,F,37.13,Not Available,Mutated,Not Available,Not Available,Y,0,
UPENN-GBM-00072_11,F,59.79,553,Wildtype,Not Available,Not Available,Y,0,
UPENN-GBM-00073_11,M,68.99,291,NOS/NEC,Not Available,Not Available,Y,0,
UPENN-GBM-00074_11,M,56.51,Not Available,NOS/NEC,Not Available,Not Available,Y,0,
UPENN-GBM-00075_11,M,54.1,278,Wildtype,Not Available,Not Available,Y,0,
UPENN-GBM-00076_11,M,61.42,54,NOS/NEC,Not Available,Not Available,Not Available,0,
UPENN-GBM-00077_11,M,80.93,54,Wildtype,Not Available,Not Available,Y,0,
UPENN-GBM-00078_11,M,70.74,158,Wildtype,Indeterminate,Not Available,Y,0,
UPENN-GBM-00079_11,F,78.67,Not Available,NOS/NEC,Not Available,Not Available,Y,0,
UPENN-GBM-00080_11,F,57.71,583,NOS/NEC,Not Available,Not Available,Y,0,
UPENN-GBM-00081_11,M,63.0,24,NOS/NEC,Not Available,Not Available,Y,0,
UPENN-GBM-00082_11,M,44.78,351,Wildtype,Indeterminate,Not Available,Y,0,
UPENN-GBM-00083_11,M,68.78,333,Wildtype,Not Available,60,Y,0,
UPENN-GBM-00084_11,F,47.22,Not Available,Wildtype,Not Available,Not Available,Y,0,
UPENN-GBM-00085_11,M,48.18,Not Available,Wildtype,Not Available,Not Available,Y,0,
UPENN-GBM-00086_11,M,70.81,146,Wildtype,Not Available,Not Available,N,0,
UPENN-GBM-00087_11,M,71.76,44,NOS/NEC,Not Available,Not Available,Y,0,
UPENN-GBM-00088_11,M,47.32,334,Wildtype,Unmethylated,90,Y,0,
UPENN-GBM-00089_11,M,77.37,1475,Wildtype,Not Available,90,Y,0,
UPENN-GBM-00090_11,F,66.91,Not Available,Wildtype,Not Available,Not Available,N,0,
UPENN-GBM-00091_11,M,70.54,200,Wildtype,Unmethylated,Not Available,N,0,
UPENN-GBM-00092_11,F,66.44,Not Available,Wildtype,Unmethylated,80,Y,0,
UPENN-GBM-00093_11,F,51.3,616,Wildtype,Unmethylated,70,Y,0,
UPENN-GBM-00094_11,M,65.95,383,Wildtype,Unmethylated,Not Available,Y,0,
UPENN-GBM-00095_11,M,61.15,289,Wildtype,Methylated,Not Available,N,0,
UPENN-GBM-00096_11,F,63.58,20,Wildtype,Not Available,Not Available,N,0,
UPENN-GBM-00097_11,M,57.01,Not Available,Wildtype,Not Available,90,N,0,
UPENN-GBM-00098_11,F,62.67,524,Wildtype,Methylated,Not Available,Y,0,
UPENN-GBM-00099_11,M,56.37,578,Wildtype,Not Available,90,Y,0,
UPENN-GBM-00100_11,M,46.18,205,NOS/NEC,Not Available,Not Available,N,0,
UPENN-GBM-00101_11,M,60.9,339,NOS/NEC,Not Available,Not Available,N,0,
UPENN-GBM-00102_11,M,77.43,106,NOS/NEC,Not Available,Not Available,Y,0,
UPENN-GBM-00103_11,F,78.68,Not Available,NOS/NEC,Not Available,Not Available,N,0,
UPENN-GBM-00104_11,F,73.09,Not Available,Wildtype,Not Available,Not Available,N,0,
UPENN-GBM-00105_11,F,74.05,32,NOS/NEC,Not Available,Not Available,N,0,
UPENN-GBM-00106_11,F,72.4,104,NOS/NEC,Not Available,Not Available,Y,0,
UPENN-GBM-00107_11,M,54.35,472,NOS/NEC,Not Available,Not Available,N,0,
UPENN-GBM-00108_11,M,66.99,173,NOS/NEC,Not Available,Not Available,N,0,
UPENN-GBM-00109_11,M,51.02,Not Available,NOS/NEC,Not Available,Not Available,Y,0,
UPENN-GBM-00110_11,F,61.44,Not Available,NOS/NEC,Not Available,Not Available,N,0,
UPENN-GBM-00111_11,M,72.49,Not Available,NOS/NEC,Not Available,Not Available,N,0,
UPENN-GBM-00112_11,M,64.07,494,NOS/NEC,Not Available,Not Available,Y,0,
UPENN-GBM-00113_11,F,68.8,479,Wildtype,Not Available,Not Available,Y,0,
UPENN-GBM-00114_11,F,47.1,1302,NOS/NEC,Not Available,Not Available,Y,0,
UPENN-GBM-00115_11,F,72.36,87,Wildtype,Methylated,Not Available,N,0,
UPENN-GBM-00116_11,M,56.56,Not Available,Wildtype,Not Available,90,N,0,
UPENN-GBM-00117_11,F,77.03,173,Wildtype,Unmethylated,Not Available,N,0,
UPENN-GBM-00118_11,M,73.89,30,Wildtype,Indeterminate,Not Available,Y,0,
UPENN-GBM-00119_11,F,54.1,84,Wildtype,Indeterminate,80,Y,0,
UPENN-GBM-00120_11,F,78.75,Not Available,Wildtype,Unmethylated,90,N,0,
UPENN-GBM-00121_11,M,58.52,226,Wildtype,Unmethylated,Not Available,N,0,
UPENN-GBM-00122_11,M,64.22,284,Wildtype,Unmethylated,90,Y,0,
UPENN-GBM-00123_11,F,24.61,Not Available,Mutated,Not Available,Not Available,Not Available,0,
UPENN-GBM-00124_11,F,76.36,735,Wildtype,Methylated,100,N,0,
UPENN-GBM-00125_11,F,23.96,1525,Wildtype,Unmethylated,100,Y,0,
UPENN-GBM-00126_11,M,50.76,766,Wildtype,Indeterminate,Not Available,N,0,
UPENN-GBM-00127_11,M,68.85,721,Wildtype,Not Available,Not Available,Y,0,
UPENN-GBM-00128_11,F,81.29,990,Wildtype,Methylated,90,Y,0,
UPENN-GBM-00129_11,M,57.59,171,Wildtype,Unmethylated,Not Available,Y,0,
UPENN-GBM-00130_11,M,52.5,831,Wildtype,Not Available,Not Available,Y,0,
UPENN-GBM-00131_11,M,76.3,852,Wildtype,Methylated,Not Available,Y,0,
UPENN-GBM-00132_11,M,48.02,922,Wildtype,Unmethylated,Not Available,Y,0,
UPENN-GBM-00133_11,M,73.2,744,Wildtype,Unmethylated,Not Available,Y,0,
UPENN-GBM-00134_11,M,45.03,494,Wildtype,Unmethylated,90,Y,0,
UPENN-GBM-00135_11,M,55.59,879,Wildtype,Methylated,Not Available,N,0,
UPENN-GBM-00136_11,M,64.65,211,Wildtype,Unmethylated,Not Available,N,0,
UPENN-GBM-00137_11,M,47.47,320,Wildtype,Indeterminate,Not Available,N,0,
UPENN-GBM-00138_11,F,60.66,1527,Wildtype,Methylated,Not Available,N,0,
UPENN-GBM-00139_11,M,58.52,208,Wildtype,Unmethylated,Not Available,N,0,
UPENN-GBM-00140_11,M,47.22,664,Wildtype,Unmethylated,Not Available,Y,0,
UPENN-GBM-00141_11,M,78.41,528,Wildtype,Unmethylated,Not Available,N,0,
UPENN-GBM-00142_11,M,67.68,Not Available,Wildtype,Not Available,Not Available,N,0,
UPENN-GBM-00143_11,M,40.04,411,Wildtype,Unmethylated,Not Available,Y,0,
UPENN-GBM-00144_11,F,53.07,270,Wildtype,Unmethylated,Not Available,Y,0,
UPENN-GBM-00145_11,F,65.81,351,Wildtype,Unmethylated,Not Available,Y,0,
UPENN-GBM-00146_11,M,48.74,1178,Wildtype,Unmethylated,90,Y,0,
UPENN-GBM-00147_11,F,82.41,80,Wildtype,Unmethylated,Not Available,N,0,
UPENN-GBM-00148_11,M,55.51,604,Wildtype,Unmethylated,Not Available,Y,0,
UPENN-GBM-00149_11,F,69.3,233,Wildtype,Unmethylated,Not Available,N,0,
UPENN-GBM-00150_11,F,55.95,733,Wildtype,Unmethylated,90,Y,0,
UPENN-GBM-00151_11,M,67.43,618,Wildtype,Unmethylated,Not Available,Y,0,
UPENN-GBM-00152_11,F,57.4,742,NOS/NEC,Not Available,Not Available,Y,0,
UPENN-GBM-00153_11,M,59.91,Not Available,NOS/NEC,Not Available,Not Available,Not Available,0,
UPENN-GBM-00154_11,F,72.11,209,Wildtype,Not Available,Not Available,Y,0,
UPENN-GBM-00155_11,F,69.13,Not Available,NOS/NEC,Not Available,Not Available,N,0,
UPENN-GBM-00156_11,F,70.14,359,Wildtype,Not Available,Not Available,Y,0,
UPENN-GBM-00157_11,F,61.39,235,NOS/NEC,Not Available,Not Available,N,0,
UPENN-GBM-00158_11,M,69.68,152,NOS/NEC,Not Available,Not Available,Y,0,
UPENN-GBM-00159_11,M,63.88,264,NOS/NEC,Not Available,Not Available,Not Available,0,
UPENN-GBM-00160_11,F,58.84,Not Available,NOS/NEC,Not Available,Not Available,Y,0,
UPENN-GBM-00161_11,F,59.81,80,NOS/NEC,Not Available,Not Available,Y,0,
UPENN-GBM-00162_11,F,73.49,557,NOS/NEC,Not Available,Not Available,Y,0,
UPENN-GBM-00163_11,F,63.78,Not Available,Wildtype,Indeterminate,Not Available,N,0,
UPENN-GBM-00164_11,F,46.79,1193,Wildtype,Not Available,Not Available,N,0,
UPENN-GBM-00165_11,M,66.64,44,Wildtype,Not Available,Not Available,N,0,
UPENN-GBM-00166_11,F,52.31,388,Wildtype,Not Available,Not Available,Y,0,
UPENN-GBM-00167_11,M,65.36,94,NOS/NEC,Not Available,Not Available,Y,0,
UPENN-GBM-00168_11,M,76.99,93,NOS/NEC,Not Available,Not Available,N,0,
UPENN-GBM-00169_11,F,72.09,23,NOS/NEC,Not Available,Not Available,Y,0,
UPENN-GBM-00170_11,M,51.79,505,Wildtype,Not Available,Not Available,N,0,
UPENN-GBM-00171_11,M,68.93,846,Wildtype,Not Available,Not Available,Y,0,
UPENN-GBM-00172_11,M,63.02,457,Wildtype,Not Available,Not Available,Y,0,
UPENN-GBM-00173_11,M,75.76,233,Wildtype,Not Available,Not Available,Y,0,
UPENN-GBM-00174_11,M,37.3,1615,NOS/NEC,Not Available,Not Available,Not Available,0,
UPENN-GBM-00175_11,M,80.06,98,NOS/NEC,Not Available,Not Available,Y,0,
UPENN-GBM-00176_11,F,80.45,56,NOS/NEC,Not Available,Not Available,Y,0,
UPENN-GBM-00177_11,F,67.52,154,Wildtype,Not Available,Not Available,Y,0,
UPENN-GBM-00178_11,F,86.87,276,Wildtype,Not Available,Not Available,Y,0,
UPENN-GBM-00179_11,M,43.42,Not Available,NOS/NEC,Not Available,Not Available,Y,0,
UPENN-GBM-00180_11,F,60.99,146,Wildtype,Not Available,Not Available,Y,0,
UPENN-GBM-00181_11,M,54.49,Not Available,NOS/NEC,Not Available,Not Available,Y,0,
UPENN-GBM-00182_11,M,75.93,Not Available,NOS/NEC,Not Available,Not Available,Y,0,
UPENN-GBM-00183_11,F,55.87,1829,Wildtype,Not Available,Not Available,Y,0,
UPENN-GBM-00184_11,M,85.46,Not Available,NOS/NEC,Not Available,Not Available,Y,0,
UPENN-GBM-00185_11,F,88.5,200,Wildtype,Not Available,Not Available,Y,0,
UPENN-GBM-00186_11,F,55.35,Not Available,Wildtype,Not Available,Not Available,Y,0,
UPENN-GBM-00187_11,F,55.09,1346,Wildtype,Not Available,Not Available,Y,0,
UPENN-GBM-00188_11,M,44.46,Not Available,NOS/NEC,Not Available,Not Available,Y,0,
UPENN-GBM-00189_11,F,69.46,382,NOS/NEC,Not Available,Not Available,Y,0,
UPENN-GBM-00190_11,M,56.66,136,Wildtype,Not Available,Not Available,Y,0,
UPENN-GBM-00191_11,F,57.63,51,NOS/NEC,Not Available,Not Available,Y,0,
UPENN-GBM-00192_11,M,61.66,1356,NOS/NEC,Not Available,Not Available,Not Available,0,
UPENN-GBM-00193_11,F,71.23,12,Wildtype,Not Available,Not Available,N,0,
UPENN-GBM-00194_11,F,59.3,250,NOS/NEC,Not Available,Not Available,Y,0,
UPENN-GBM-00195_11,M,79.51,168,NOS/NEC,Not Available,Not Available,Y,0,
UPENN-GBM-00196_11,F,86.21,21,NOS/NEC,Not Available,Not Available,Y,0,
UPENN-GBM-00197_11,M,50.03,1227,Wildtype,Methylated,Not Available,Y,0,
UPENN-GBM-00198_11,M,52.61,1008,Wildtype,Not Available,Not Available,Y,0,
UPENN-GBM-00199_11,F,43.97,591,NOS/NEC,Not Available,Not Available,Not Available,0,
UPENN-GBM-00200_11,M,82.36,Not Available,NOS/NEC,Not Available,Not Available,Y,0,
UPENN-GBM-00201_11,M,52.84,182,Wildtype,Not Available,Not Available,Y,0,
UPENN-GBM-00202_11,M,79.27,Not Available,NOS/NEC,Not Available,Not Available,Y,0,
UPENN-GBM-00203_11,M,59.44,122,NOS/NEC,Not Available,Not Available,Y,0,
UPENN-GBM-00204_11,M,54.24,374,Wildtype,Not Available,Not Available,Y,0,
UPENN-GBM-00205_11,F,83.59,277,NOS/NEC,Not Available,Not Available,Y,0,
UPENN-GBM-00206_11,F,64.24,586,Wildtype,Not Available,Not Available,Y,0,
UPENN-GBM-00207_11,F,61.71,301,Wildtype,Not Available,Not Available,Y,0,
UPENN-GBM-00208_11,M,45.87,622,Wildtype,Not Available,Not Available,Y,0,
UPENN-GBM-00209_11,F,68.42,Not Available,Wildtype,Not Available,Not Available,N,0,
UPENN-GBM-00210_11,M,53.95,3,Wildtype,Not Available,Not Available,Y,0,
UPENN-GBM-00211_11,M,73.03,Not Available,Wildtype,Not Available,Not Available,Y,0,
UPENN-GBM-00212_11,M,85.74,Not Available,Wildtype,Not Available,Not Available,Y,0,
UPENN-GBM-00213_11,M,76.37,73,NOS/NEC,Not Available,Not Available,Y,0,
UPENN-GBM-00214_11,M,74.52,Not Available,NOS/NEC,Not Available,Not Available,Y,0,
UPENN-GBM-00215_11,M,65.07,155,NOS/NEC,Not Available,Not Available,Y,0,
UPENN-GBM-00216_11,F,59.29,167,NOS/NEC,Not Available,Not Available,Y,0,
UPENN-GBM-00217_11,M,73.29,393,NOS/NEC,Not Available,Not Available,Y,0,
UPENN-GBM-00218_11,F,77.97,Not Available,Wildtype,Not Available,Not Available,Y,0,
UPENN-GBM-00219_11,M,67.31,453,Wildtype,Not Available,Not Available,Y,0,
UPENN-GBM-00220_11,F,62.99,925,NOS/NEC,Not Available,Not Available,Not Available,0,
UPENN-GBM-00221_11,F,76.69,Not Available,Wildtype,Not Available,Not Available,Y,0,
UPENN-GBM-00222_11,F,72.67,Not Available,NOS/NEC,Not Available,Not Available,Y,0,
UPENN-GBM-00223_11,F,69.33,Not Available,NOS/NEC,Not Available,Not Available,Y,0,
UPENN-GBM-00224_11,F,49.31,438,Wildtype,Not Available,Not Available,Y,0,
UPENN-GBM-00225_11,M,83.54,16,NOS/NEC,Not Available,Not Available,Y,0,
UPENN-GBM-00226_11,M,56.3,182,Wildtype,Not Available,Not Available,Y,0,
UPENN-GBM-00227_11,F,53.5,138,Wildtype,Not Available,Not Available,Y,0,
UPENN-GBM-00228_11,M,47.2,379,Wildtype,Not Available,Not Available,Y,0,
UPENN-GBM-00229_11,M,43.46,Not Available,Mutated,Not Available,Not Available,Not Available,0,
UPENN-GBM-00230_11,F,72.28,Not Available,Wildtype,Not Available,Not Available,Y,0,
UPENN-GBM-00231_11,M,67.83,Not Available,Wildtype,Not Available,Not Available,Y,0,
UPENN-GBM-00232_11,F,75.64,187,Wildtype,Not Available,Not Available,N,0,
UPENN-GBM-00233_11,F,63.82,Not Available,Wildtype,Not Available,Not Available,Y,0,
UPENN-GBM-00234_11,M,62.82,370,Wildtype,Not Available,Not Available,N,0,
UPENN-GBM-00235_11,F,80.6,253,Wildtype,Indeterminate,Not Available,N,0,
UPENN-GBM-00236_11,F,76.22,480,Wildtype,Not Available,Not Available,N,0,
UPENN-GBM-00237_11,M,63.62,200,Wildtype,Not Available,Not Available,N,0,
UPENN-GBM-00238_11,F,65.89,1148,Wildtype,Not Available,Not Available,Y,0,
UPENN-GBM-00239_11,F,80.89,Not Available,Wildtype,Not Available,Not Available,N,0,
UPENN-GBM-00240_11,M,85.88,78,Wildtype,Methylated,Not Available,Y,0,
UPENN-GBM-00241_11,F,71.43,Not Available,Wildtype,Not Available,Not Available,Y,0,
UPENN-GBM-00242_11,F,55.7,276,Wildtype,Not Available,90,N,0,
UPENN-GBM-00243_11,F,66.43,419,Wildtype,Not Available,80,Y,0,
UPENN-GBM-00244_11,M,59.75,420,Wildtype,Unmethylated,Not Available,N,0,
UPENN-GBM-00245_11,F,63.42,Not Available,Wildtype,Indeterminate,Not Available,Y,0,
UPENN-GBM-00246_11,M,75.06,51,Wildtype,Unmethylated,80,N,0,
UPENN-GBM-00247_11,F,63.91,201,Wildtype,Not Available,80,N,0,
UPENN-GBM-00248_11,F,45.71,Not Available,Wildtype,Not Available,Not Available,Y,0,
UPENN-GBM-00249_11,F,28.2,1791,Mutated,Not Available,Not Available,Y,0,
UPENN-GBM-00250_11,F,59.79,460,Wildtype,Not Available,Not Available,Y,0,
UPENN-GBM-00251_11,F,75.67,167,Wildtype,Not Available,Not Available,Not Available,0,
UPENN-GBM-00252_11,F,67.86,443,NOS/NEC,Not Available,Not Available,N,0,
UPENN-GBM-00253_11,F,86.95,349,NOS/NEC,Not Available,Not Available,Y,0,
UPENN-GBM-00254_11,M,57.08,400,Wildtype,Not Available,Not Available,Not Available,0,
UPENN-GBM-00255_11,F,64.86,80,NOS/NEC,Not Available,Not Available,N,0,
UPENN-GBM-00256_11,F,67.2,115,NOS/NEC,Not Available,Not Available,N,0,
UPENN-GBM-00257_11,M,51.04,Not Available,Wildtype,Not Available,Not Available,Y,0,
UPENN-GBM-00258_11,M,50.71,Not Available,NOS/NEC,Not Available,Not Available,Y,0,
UPENN-GBM-00259_11,F,80.31,193,Wildtype,Not Available,Not Available,Y,0,
UPENN-GBM-00260_11,F,86.64,106,Wildtype,Methylated,90,N,0,
UPENN-GBM-00261_11,M,75.88,48,Wildtype,Indeterminate,Not Available,Y,0,
UPENN-GBM-00262_11,M,70.75,580,Wildtype,Unmethylated,Not Available,Y,0,
UPENN-GBM-00263_11,M,66.23,796,Wildtype,Methylated,Not Available,Y,0,
UPENN-GBM-00264_11,F,61.82,1145,Wildtype,Methylated,90,N,0,
UPENN-GBM-00265_11,M,53.08,1062,Wildtype,Indeterminate,Not Available,Y,0,
UPENN-GBM-00266_11,F,66.84,390,Wildtype,Not Available,Not Available,N,0,
UPENN-GBM-00267_11,F,55.13,537,Wildtype,Unmethylated,Not Available,Y,0,
UPENN-GBM-00268_11,F,82.8,20,Wildtype,Indeterminate,Not Available,N,0,
UPENN-GBM-00269_11,M,56.21,Not Available,Wildtype,Methylated,Not Available,Y,0,
UPENN-GBM-00270_11,F,64.67,58,Wildtype,Not Available,Not Available,Y,0,
UPENN-GBM-00271_11,M,53.83,473,NOS/NEC,Not Available,Not Available,Y,0,
UPENN-GBM-00272_11,M,50.57,739,NOS/NEC,Not Available,Not Available,Not Available,0,
UPENN-GBM-00273_11,M,76.8,598,NOS/NEC,Not Available,Not Available,Not Available,0,
UPENN-GBM-00274_11,M,41.2,1021,Wildtype,Not Available,Not Available,Y,0,
UPENN-GBM-00275_11,M,46.9,454,Wildtype,Not Available,Not Available,Y,0,
UPENN-GBM-00276_11,M,18.65,Not Available,NOS/NEC,Not Available,Not Available,Y,0,
UPENN-GBM-00277_11,M,55.68,403,Wildtype,Not Available,Not Available,Y,0,
UPENN-GBM-00278_11,F,63.42,Not Available,Wildtype,Not Available,Not Available,N,0,
UPENN-GBM-00279_11,M,68.34,Not Available,Wildtype,Not Available,Not Available,Y,0,
UPENN-GBM-00280_11,M,57.12,538,Wildtype,Not Available,Not Available,Y,0,
UPENN-GBM-00281_11,F,69.39,550,Wildtype,Not Available,Not Available,Y,0,
UPENN-GBM-00282_11,M,68.54,363,Wildtype,Unmethylated,Not Available,N,0,
UPENN-GBM-00283_11,M,81.0,Not Available,NOS/NEC,Not Available,Not Available,Y,0,
UPENN-GBM-00284_11,F,82.87,77,Wildtype,Indeterminate,60,N,0,
UPENN-GBM-00285_11,F,59.98,427,Wildtype,Not Available,Not Available,N,0,
UPENN-GBM-00286_11,M,81.78,429,Wildtype,Not Available,Not Available,N,0,
UPENN-GBM-00287_11,M,50.93,781,Mutated,Methylated,Not Available,Y,0,
UPENN-GBM-00288_11,M,79.63,31,Wildtype,Not Available,Not Available,N,0,
UPENN-GBM-00289_11,F,28.83,445,Mutated,Indeterminate,Not Available,Y,0,
UPENN-GBM-00290_11,F,82.36,409,Wildtype,Unmethylated,90,Y,0,
UPENN-GBM-00291_11,M,58.61,530,Wildtype,Not Available,Not Available,N,0,
UPENN-GBM-00292_11,M,83.48,29,NOS/NEC,Not Available,Not Available,N,0,
UPENN-GBM-00293_11,M,60.4,127,NOS/NEC,Not Available,Not Available,N,0,
UPENN-GBM-00294_11,F,60.37,112,Wildtype,Unmethylated,Not Available,N,0,
UPENN-GBM-00295_11,M,65.19,696,Wildtype,Indeterminate,Not Available,Y,0,
UPENN-GBM-00296_11,M,72.15,326,Wildtype,Not Available,Not Available,N,0,
UPENN-GBM-00297_11,M,49.03,466,NOS/NEC,Not Available,Not Available,N,0,
UPENN-GBM-00298_11,M,71.07,186,NOS/NEC,Not Available,Not Available,N,0,
UPENN-GBM-00299_11,M,43.9,148,NOS/NEC,Not Available,Not Available,Y,0,
UPENN-GBM-00300_11,F,82.88,Not Available,Wildtype,Not Available,Not Available,N,0,
UPENN-GBM-00301_11,M,58.18,653,Wildtype,Unmethylated,Not Available,Y,0,
UPENN-GBM-00302_11,M,59.99,1451,Wildtype,Methylated,Not Available,Y,0,
UPENN-GBM-00303_11,F,78.58,658,Wildtype,Not Available,Not Available,Y,0,
UPENN-GBM-00304_11,M,71.06,428,Wildtype,Unmethylated,Not Available,N,0,
UPENN-GBM-00305_11,M,76.88,92,NOS/NEC,Not Available,Not Available,N,0,
UPENN-GBM-00306_11,M,51.81,165,Wildtype,Not Available,Not Available,Not Available,0,
UPENN-GBM-00307_11,F,57.03,412,Wildtype,Not Available,Not Available,N,0,
UPENN-GBM-00308_11,M,65.76,205,Wildtype,Not Available,90,Y,0,
UPENN-GBM-00309_11,M,39.19,1034,NOS/NEC,Not Available,Not Available,Not Available,0,
UPENN-GBM-00310_11,F,75.43,75,Wildtype,Methylated,Not Available,Y,0,
UPENN-GBM-00311_11,F,73.14,489,Wildtype,Not Available,Not Available,Y,0,
UPENN-GBM-00312_11,M,57.99,334,Wildtype,Unmethylated,Not Available,Y,0,
UPENN-GBM-00313_11,M,76.94,1723,NOS/NEC,Not Available,Not Available,N,0,
UPENN-GBM-00314_11,M,56.39,Not Available,Wildtype,Not Available,Not Available,Y,0,
UPENN-GBM-00315_11,F,70.72,1043,NOS/NEC,Not Available,Not Available,Y,0,
UPENN-GBM-00316_11,M,61.42,98,Wildtype,Unmethylated,Not Available,N,0,
UPENN-GBM-00317_11,M,84.31,Not Available,Wildtype,Not Available,Not Available,Y,0,
UPENN-GBM-00318_11,M,52.52,494,NOS/NEC,Not Available,Not Available,Y,0,
UPENN-GBM-00319_11,M,42.88,710,Mutated,Not Available,Not Available,Y,0,
UPENN-GBM-00320_11,F,45.62,683,Wildtype,Not Available,Not Available,Y,0,
UPENN-GBM-00321_11,F,85.46,79,Wildtype,Not Available,30,N,0,
UPENN-GBM-00322_11,F,33.29,Not Available,Wildtype,Not Available,Not Available,Y,0,
UPENN-GBM-00323_11,M,65.26,121,Wildtype,Indeterminate,Not Available,N,0,
UPENN-GBM-00324_11,M,73.33,185,Wildtype,Not Available,Not Available,N,0,
UPENN-GBM-00325_11,F,65.84,368,Wildtype,Not Available,Not Available,N,0,
UPENN-GBM-00326_11,M,63.31,125,NOS/NEC,Not Available,Not Available,Not Available,0,
UPENN-GBM-00327_11,F,82.16,341,Wildtype,Not Available,Not Available,Y,0,
UPENN-GBM-00328_11,M,57.72,370,Wildtype,Not Available,Not Available,Y,0,
UPENN-GBM-00329_11,F,75.2,304,Wildtype,Not Available,80,N,0,
UPENN-GBM-00330_11,M,86.59,74,Wildtype,Not Available,Not Available,Y,0,
UPENN-GBM-00331_11,F,63.02,748,Wildtype,Not Available,Not Available,Y,0,
UPENN-GBM-00332_11,F,59.47,558,Wildtype,Indeterminate,80,Y,0,
UPENN-GBM-00333_11,F,59.2,111,NOS/NEC,Not Available,Not Available,Y,0,
UPENN-GBM-00334_11,F,73.05,159,Wildtype,Indeterminate,Not Available,Not Available,0,
UPENN-GBM-00335_11,M,70.83,282,Wildtype,Not Available,Not Available,N,0,
UPENN-GBM-00336_11,F,83.63,13,Wildtype,Unmethylated,70,Y,0,
UPENN-GBM-00337_11,M,62.34,385,Wildtype,Not Available,Not Available,Y,0,
UPENN-GBM-00338_11,M,77.86,1483,Wildtype,Not Available,Not Available,Y,0,
UPENN-GBM-00339_11,M,71.01,Not Available,Wildtype,Not Available,Not Available,Y,0,
UPENN-GBM-00340_11,F,70.82,325,Wildtype,Not Available,Not Available,N,0,
UPENN-GBM-00341_11,M,75.38,355,Wildtype,Not Available,Not Available,N,0,
UPENN-GBM-00342_11,F,59.62,60,Wildtype,Indeterminate,Not Available,N,0,
UPENN-GBM-00343_11,F,72.66,112,Wildtype,Not Available,Not Available,Y,0,
UPENN-GBM-00344_11,M,70.57,684,Wildtype,Methylated,Not Available,Y,0,
UPENN-GBM-00345_11,M,58.81,78,Wildtype,Not Available,Not Available,N,0,
UPENN-GBM-00346_11,M,67.23,334,Wildtype,Not Available,Not Available,Y,0,
UPENN-GBM-00347_11,M,68.99,182,Wildtype,Not Available,Not Available,N,0,
UPENN-GBM-00348_11,M,80.2,104,Wildtype,Not Available,Not Available,Y,0,
UPENN-GBM-00349_11,M,56.82,149,Wildtype,Not Available,80,N,0,
UPENN-GBM-00350_11,M,64.78,622,Wildtype,Methylated,80,Not Available,0,
UPENN-GBM-00351_11,F,62.48,Not Available,Wildtype,Methylated,Not Available,Y,0,
UPENN-GBM-00352_11,M,42.61,617,Wildtype,Unmethylated,90,Y,0,
UPENN-GBM-00353_11,M,61.3,Not Available,Wildtype,Not Available,Not Available,Y,0,
UPENN-GBM-00354_11,M,73.4,351,Wildtype,Unmethylated,Not Available,Y,0,
UPENN-GBM-00355_11,M,66.0,252,Wildtype,Not Available,Not Available,N,0,
UPENN-GBM-00356_11,M,71.63,996,Wildtype,Methylated,100,N,0,
UPENN-GBM-00357_11,F,88.0,Not Available,Wildtype,Indeterminate,Not Available,N,0,
UPENN-GBM-00358_11,M,83.46,Not Available,Wildtype,Methylated,Not Available,N,0,
UPENN-GBM-00359_11,F,78.89,93,Wildtype,Methylated,Not Available,N,0,
UPENN-GBM-00360_11,M,57.19,613,Wildtype,Methylated,Not Available,Y,0,
UPENN-GBM-00361_11,F,63.87,Not Available,Wildtype,Not Available,Not Available,N,0,
UPENN-GBM-00362_11,F,78.09,142,Wildtype,Unmethylated,Not Available,Y,0,
UPENN-GBM-00363_11,M,65.4,404,Wildtype,Methylated,90,Y,0,
UPENN-GBM-00364_11,F,62.63,383,Wildtype,Not Available,Not Available,Y,0,
UPENN-GBM-00365_11,M,33.11,Not Available,Mutated,Indeterminate,Not Available,Y,0,
UPENN-GBM-00366_11,F,71.41,Not Available,Wildtype,Not Available,Not Available,Not Available,0,
UPENN-GBM-00367_11,M,50.86,538,Wildtype,Unmethylated,Not Available,Y,0,
UPENN-GBM-00368_11,M,65.34,416,Wildtype,Unmethylated,90,Y,0,
UPENN-GBM-00369_11,F,51.75,360,Wildtype,Unmethylated,90,N,0,
UPENN-GBM-00370_11,M,68.38,443,Wildtype,Unmethylated,Not Available,N,0,
UPENN-GBM-00371_11,M,73.62,240,Wildtype,Methylated,Not Available,N,0,
UPENN-GBM-00372_11,F,62.16,Not Available,Wildtype,Not Available,Not Available,N,0,
UPENN-GBM-00373_11,F,45.54,524,Wildtype,Unmethylated,Not Available,Y,0,
UPENN-GBM-00374_11,F,66.65,376,Wildtype,Not Available,60,N,0,
UPENN-GBM-00375_11,F,54.44,319,Wildtype,Unmethylated,Not Available,N,0,
UPENN-GBM-00376_11,M,63.59,730,Wildtype,Unmethylated,Not Available,Y,0,
UPENN-GBM-00377_11,F,83.01,589,Wildtype,Methylated,Not Available,N,0,
UPENN-GBM-00378_11,M,59.92,451,Wildtype,Methylated,Not Available,N,0,
UPENN-GBM-00379_11,M,59.66,114,Wildtype,Unmethylated,Not Available,N,0,
UPENN-GBM-00380_11,M,56.37,516,Wildtype,Methylated,Not Available,Y,0,
UPENN-GBM-00381_11,M,65.53,63,Wildtype,Methylated,Not Available,N,0,
UPENN-GBM-00382_11,F,67.73,14,Wildtype,Not Available,Not Available,Y,0,
UPENN-GBM-00383_11,M,56.96,498,Wildtype,Not Available,Not Available,Y,0,
UPENN-GBM-00384_11,M,63.2,373,Wildtype,Unmethylated,90,Y,0,
UPENN-GBM-00385_11,M,57.26,21,Wildtype,Unmethylated,Not Available,Y,0,
UPENN-GBM-00386_11,F,69.7,216,Wildtype,Indeterminate,Not Available,Y,0,
UPENN-GBM-00387_11,M,51.81,455,Wildtype,Unmethylated,90,Y,0,
UPENN-GBM-00388_11,M,74.85,1020,Wildtype,Methylated,90,N,0,
UPENN-GBM-00389_11,M,67.91,114,Wildtype,Not Available,Not Available,Y,0,
UPENN-GBM-00390_11,M,62.89,443,Wildtype,Unmethylated,90,N,0,
UPENN-GBM-00391_11,M,57.63,93,Wildtype,Unmethylated,90,N,0,
UPENN-GBM-00392_11,M,63.43,Not Available,Wildtype,Methylated,Not Available,N,0,
UPENN-GBM-00393_11,F,68.96,336,Wildtype,Unmethylated,Not Available,Y,0,
UPENN-GBM-00394_11,F,56.16,322,Wildtype,Not Available,Not Available,Y,0,
UPENN-GBM-00395_11,M,65.52,Not Available,Wildtype,Methylated,Not Available,N,0,
UPENN-GBM-00396_11,M,47.58,Not Available,Wildtype,Not Available,90,Y,0,
UPENN-GBM-00397_11,F,71.55,Not Available,Wildtype,Not Available,Not Available,N,0,
UPENN-GBM-00398_11,M,69.36,342,Wildtype,Unmethylated,Not Available,Y,0,
UPENN-GBM-00399_11,M,60.67,338,Wildtype,Methylated,Not Available,Y,0,
UPENN-GBM-00400_11,F,83.43,480,Wildtype,Not Available,100,N,0,
UPENN-GBM-00401_11,F,65.75,635,Wildtype,Methylated,Not Available,Y,0,
UPENN-GBM-00402_11,F,64.16,503,Wildtype,Unmethylated,Not Available,N,0,
UPENN-GBM-00403_11,M,68.19,191,Wildtype,Methylated,Not Available,N,0,
UPENN-GBM-00404_11,M,66.36,688,Wildtype,Methylated,40,Y,0,
UPENN-GBM-00405_11,F,66.34,57,Wildtype,Unmethylated,90,Y,0,
UPENN-GBM-00406_11,M,71.33,355,Wildtype,Methylated,90,N,0,
UPENN-GBM-00407_11,M,66.52,201,Wildtype,Methylated,Not Available,Y,0,
UPENN-GBM-00408_11,F,59.47,565,Wildtype,Unmethylated,Not Available,Y,0,
UPENN-GBM-00409_11,F,72.71,510,Wildtype,Methylated,80,Y,0,
UPENN-GBM-00410_11,M,47.9,423,Wildtype,Unmethylated,Not Available,N,0,
UPENN-GBM-00411_11,M,52.12,531,Wildtype,Unmethylated,70,Y,0,
UPENN-GBM-00412_11,M,63.11,862,Wildtype,Methylated,100,N,0,
UPENN-GBM-00413_11,M,48.47,827,Wildtype,Unmethylated,90,Y,0,
UPENN-GBM-00414_11,M,82.67,249,Wildtype,Methylated,Not Available,Y,0,
UPENN-GBM-00415_11,F,62.53,100,Wildtype,Unmethylated,Not Available,Y,0,
UPENN-GBM-00416_11,F,37.53,Not Available,Wildtype,Unmethylated,Not Available,Y,0,
UPENN-GBM-00417_11,F,59.76,1863,Wildtype,Indeterminate,Not Available,Y,0,
UPENN-GBM-00418_11,F,49.61,1410,Wildtype,Methylated,Not Available,Y,0,
UPENN-GBM-00419_11,M,59.89,518,Wildtype,Unmethylated,Not Available,N,0,
UPENN-GBM-00420_11,F,63.36,Not Available,Wildtype,Methylated,Not Available,Y,0,
UPENN-GBM-00421_11,M,60.7,765,Wildtype,Unmethylated,Not Available,N,0,
UPENN-GBM-00422_11,M,67.7,Not Available,Wildtype,Not Available,Not Available,Y,0,
UPENN-GBM-00423_11,F,77.45,303,Wildtype,Methylated,Not Available,Y,0,
UPENN-GBM-00424_11,M,80.46,Not Available,Wildtype,Methylated,Not Available,N,0,
UPENN-GBM-00425_11,M,74.89,Not Available,Wildtype,Methylated,Not Available,N,0,
UPENN-GBM-00426_11,M,55.17,820,Wildtype,Unmethylated,90,Y,0,
UPENN-GBM-00427_11,F,73.15,136,Wildtype,Not Available,Not Available,N,0,
UPENN-GBM-00428_11,M,64.76,374,Wildtype,Unmethylated,Not Available,N,0,
UPENN-GBM-00429_11,M,73.66,Not Available,Wildtype,Not Available,80,N,0,
UPENN-GBM-00430_11,F,53.04,Not Available,Wildtype,Methylated,Not Available,Y,0,
UPENN-GBM-00431_11,F,79.94,125,Wildtype,Unmethylated,Not Available,Y,0,
UPENN-GBM-00432_11,F,60.63,582,Wildtype,Unmethylated,Not Available,Y,0,
UPENN-GBM-00433_11,M,45.23,Not Available,Wildtype,Not Available,Not Available,Y,0,
UPENN-GBM-00434_11,F,66.18,70,Wildtype,Unmethylated,Not Available,N,0,
UPENN-GBM-00435_11,F,56.94,205,Wildtype,Unmethylated,Not Available,Not Available,0,
UPENN-GBM-00436_11,F,67.09,389,Wildtype,Unmethylated,Not Available,Y,0,
UPENN-GBM-00437_11,F,53.02,82,Wildtype,Indeterminate,Not Available,N,0,
UPENN-GBM-00438_11,M,81.77,117,Wildtype,Methylated,Not Available,Y,0,
UPENN-GBM-00439_11,F,47.21,264,Wildtype,Methylated,Not Available,N,0,
UPENN-GBM-00440_11,M,54.22,Not Available,Wildtype,Not Available,Not Available,Y,0,
UPENN-GBM-00441_11,M,65.03,619,Wildtype,Not Available,Not Available,N,0,
UPENN-GBM-00442_11,F,80.36,90,Wildtype,Methylated,60,N,0,
UPENN-GBM-00443_11,M,78.4,60,Wildtype,Methylated,Not Available,N,0,
UPENN-GBM-00444_11,M,25.48,Not Available,Mutated,Methylated,Not Available,Y,0,
UPENN-GBM-00445_11,F,60.23,284,Wildtype,Methylated,Not Available,Y,0,
UPENN-GBM-00446_11,F,67.67,Not Available,Wildtype,Methylated,Not Available,Y,0,
UPENN-GBM-00447_11,M,78.7,248,Wildtype,Unmethylated,Not Available,Y,0,
UPENN-GBM-00448_11,M,62.34,288,Wildtype,Unmethylated,Not Available,Y,0,
UPENN-GBM-00449_11,M,48.97,742,Wildtype,Unmethylated,80,N,0,
UPENN-GBM-00450_11,M,59.37,764,Wildtype,Not Available,Not Available,Y,0,
UPENN-GBM-00451_11,F,64.83,Not Available,Wildtype,Indeterminate,Not Available,Not Available,0,
UPENN-GBM-00452_11,M,53.19,680,Wildtype,Unmethylated,70,Y,0,
UPENN-GBM-00453_11,M,69.45,Not Available,Wildtype,Methylated,Not Available,Y,0,
UPENN-GBM-00454_11,F,71.65,136,Wildtype,Unmethylated,80,N,0,
UPENN-GBM-00455_11,M,60.82,516,Wildtype,Methylated,Not Available,N,0,
UPENN-GBM-00456_11,M,63.99,149,Wildtype,Unmethylated,Not Available,N,0,
UPENN-GBM-00457_11,M,66.58,Not Available,Wildtype,Unmethylated,Not Available,N,0,
UPENN-GBM-00458_11,M,57.8,Not Available,Wildtype,Unmethylated,Not Available,Y,0,
UPENN-GBM-00459_11,M,38.9,693,Wildtype,Unmethylated,Not Available,Y,0,
UPENN-GBM-00460_11,M,61.94,Not Available,Wildtype,Unmethylated,Not Available,N,0,
UPENN-GBM-00461_11,M,64.1,Not Available,Wildtype,Methylated,Not Available,Y,0,
UPENN-GBM-00462_11,F,71.61,Not Available,Wildtype,Unmethylated,Not Available,Y,0,
UPENN-GBM-00463_11,M,65.97,738,Wildtype,Unmethylated,Not Available,N,0,
UPENN-GBM-00464_11,F,25.57,479,Wildtype,Unmethylated,Not Available,Y,0,
UPENN-GBM-00465_11,M,58.92,Not Available,Wildtype,Not Available,Not Available,Y,0,
UPENN-GBM-00466_11,M,73.59,651,Wildtype,Not Available,Not Available,Y,0,
UPENN-GBM-00467_11,M,55.42,251,Wildtype,Not Available,Not Available,N,0,
UPENN-GBM-00468_11,M,79.32,196,Wildtype,Not Available,Not Available,Not Available,0,
UPENN-GBM-00469_11,F,51.54,578,Wildtype,Methylated,Not Available,Y,0,
UPENN-GBM-00470_11,M,60.59,316,Wildtype,Unmethylated,Not Available,Y,0,
UPENN-GBM-00471_11,M,69.2,114,Wildtype,Unmethylated,Not Available,N,0,
UPENN-GBM-00472_11,F,58.86,Not Available,Wildtype,Not Available,Not Available,Y,0,
UPENN-GBM-00473_11,F,20.74,36,Wildtype,Unmethylated,Not Available,N,0,
UPENN-GBM-00474_11,M,67.63,692,Wildtype,Methylated,Not Available,N,0,
UPENN-GBM-00475_11,M,62.74,44,Wildtype,Unmethylated,Not Available,N,0,
UPENN-GBM-00476_11,M,60.63,516,Wildtype,Unmethylated,Not Available,Y,0,
UPENN-GBM-00477_11,M,55.09,Not Available,Wildtype,Not Available,Not Available,Y,0,
UPENN-GBM-00478_11,M,63.03,117,Wildtype,Not Available,Not Available,N,0,
UPENN-GBM-00479_11,F,64.28,168,Wildtype,Unmethylated,Not Available,Not Available,0,
UPENN-GBM-00480_11,M,45.97,256,Wildtype,Unmethylated,Not Available,Y,0,
UPENN-GBM-00481_11,F,51.23,601,Wildtype,Methylated,Not Available,Y,0,
UPENN-GBM-00482_11,F,48.71,610,Wildtype,Unmethylated,Not Available,Y,0,
UPENN-GBM-00483_11,F,61.02,192,Wildtype,Unmethylated,Not Available,N,0,
UPENN-GBM-00484_11,F,61.05,Not Available,Wildtype,Unmethylated,Not Available,Y,0,
UPENN-GBM-00485_11,F,25.7,Not Available,Mutated,Not Available,Not Available,N,0,
UPENN-GBM-00486_11,F,71.68,371,Wildtype,Unmethylated,Not Available,Y,0,
UPENN-GBM-00487_11,M,60.38,395,Wildtype,Unmethylated,Not Available,N,0,
UPENN-GBM-00488_11,M,64.91,370,Wildtype,Methylated,Not Available,Y,0,
UPENN-GBM-00489_11,M,68.86,175,Wildtype,Unmethylated,Not Available,Y,0,
UPENN-GBM-00490_11,M,74.58,821,Wildtype,Unmethylated,Not Available,Not Available,0,
UPENN-GBM-00491_11,F,65.25,16,Wildtype,Not Available,Not Available,Not Available,0,
UPENN-GBM-00492_11,F,56.25,397,Wildtype,Unmethylated,Not Available,Y,0,
UPENN-GBM-00493_11,F,70.49,482,Wildtype,Unmethylated,Not Available,Y,0,
UPENN-GBM-00494_11,M,51.56,480,Wildtype,Methylated,Not Available,N,0,
UPENN-GBM-00495_11,M,67.92,483,Wildtype,Unmethylated,Not Available,N,0,
UPENN-GBM-00496_11,F,54.26,681,Wildtype,Methylated,Not Available,Y,0,
UPENN-GBM-00497_11,M,45.31,859,Wildtype,Not Available,Not Available,Y,0,
UPENN-GBM-00498_11,F,57.61,493,Wildtype,Methylated,Not Available,N,0,
UPENN-GBM-00499_11,M,75.08,648,Wildtype,Unmethylated,Not Available,N,0,
UPENN-GBM-00500_11,F,62.97,596,Wildtype,Unmethylated,Not Available,Y,0,
UPENN-GBM-00501_11,M,77.52,1025,Wildtype,Not Available,Not Available,N,0,
UPENN-GBM-00502_11,F,22.79,99,Wildtype,Unmethylated,Not Available,Y,0,
UPENN-GBM-00503_11,F,23.61,Not Available,Wildtype,Not Available,Not Available,Y,0,
UPENN-GBM-00504_11,M,48.81,Not Available,Wildtype,Methylated,Not Available,N,0,
UPENN-GBM-00505_11,M,69.17,590,Wildtype,Unmethylated,Not Available,Y,0,
UPENN-GBM-00506_11,M,49.4,Not Available,Wildtype,Methylated,Not Available,Y,0,
UPENN-GBM-00507_11,M,83.37,187,Wildtype,Not Available,Not Available,N,0,
UPENN-GBM-00508_11,M,56.07,572,Wildtype,Unmethylated,Not Available,Not Available,0,
UPENN-GBM-00509_11,F,68.75,710,Wildtype,Methylated,Not Available,Y,0,
UPENN-GBM-00510_11,M,76.2,74,Wildtype,Not Available,Not Available,N,0,
UPENN-GBM-00511_11,M,68.57,Not Available,Wildtype,Not Available,Not Available,Not Available,0,
UPENN-GBM-00512_11,M,74.45,496,Wildtype,Methylated,Not Available,Y,0,
UPENN-GBM-00513_11,M,76.86,50,Wildtype,Unmethylated,Not Available,N,0,
UPENN-GBM-00514_11,M,68.67,1205,Wildtype,Methylated,Not Available,Y,0,
UPENN-GBM-00515_11,M,49.52,170,Wildtype,Unmethylated,Not Available,Y,0,
UPENN-GBM-00516_11,F,58.98,188,Wildtype,Methylated,Not Available,N,0,
UPENN-GBM-00517_11,M,53.34,285,Wildtype,Unmethylated,Not Available,N,0,
UPENN-GBM-00518_11,M,51.47,Not Available,Wildtype,Methylated,Not Available,N,0,
UPENN-GBM-00519_11,M,32.93,468,Wildtype,Unmethylated,Not Available,Y,0,
UPENN-GBM-00520_11,M,83.61,122,Wildtype,Methylated,Not Available,N,0,
UPENN-GBM-00521_11,F,64.21,Not Available,Wildtype,Methylated,Not Available,Y,0,
UPENN-GBM-00522_11,M,66.16,199,Wildtype,Unmethylated,Not Available,N,0,
UPENN-GBM-00523_11,F,60.06,Not Available,Wildtype,Unmethylated,Not Available,Y,0,
UPENN-GBM-00524_11,M,72.97,53,Wildtype,Methylated,Not Available,Y,0,
UPENN-GBM-00525_11,M,76.15,157,Wildtype,Unmethylated,90,N,0,
UPENN-GBM-00526_11,F,75.19,32,Wildtype,Methylated,Not Available,N,0,
UPENN-GBM-00527_11,M,71.76,248,Wildtype,Unmethylated,80,N,0,
UPENN-GBM-00528_11,M,43.53,598,Wildtype,Unmethylated,Not Available,Y,0,
UPENN-GBM-00529_11,M,73.05,85,Wildtype,Unmethylated,90,Y,0,
UPENN-GBM-00530_11,M,60.66,521,Wildtype,Methylated,Not Available,Y,0,
UPENN-GBM-00531_11,M,78.21,448,Wildtype,Unmethylated,Not Available,Not Available,0,
UPENN-GBM-00532_11,F,56.09,497,Wildtype,Methylated,Not Available,N,0,
UPENN-GBM-00533_11,F,61.89,784,Wildtype,Unmethylated,Not Available,Y,0,
UPENN-GBM-00534_11,F,61.74,707,Wildtype,Methylated,Not Available,N,0,
UPENN-GBM-00535_11,F,72.25,215,Wildtype,Unmethylated,60,N,0,
UPENN-GBM-00536_11,M,66.7,462,Wildtype,Methylated,Not Available,Y,0,
UPENN-GBM-00537_11,M,77.39,127,Wildtype,Unmethylated,Not Available,Y,0,
UPENN-GBM-00538_11,M,56.26,Not Available,Wildtype,Methylated,Not Available,Y,0,
UPENN-GBM-00539_11,F,61.42,Not Available,Wildtype,Methylated,Not Available,N,0,
UPENN-GBM-00540_11,M,70.81,343,Wildtype,Methylated,Not Available,N,0,
UPENN-GBM-00541_11,M,52.97,471,Wildtype,Not Available,Not Available,N,0,
UPENN-GBM-00542_11,M,65.51,414,Wildtype,Not Available,Not Available,Y,0,
UPENN-GBM-00543_11,M,73.86,7,Wildtype,Not Available,90,N,0,
UPENN-GBM-00544_11,M,73.91,376,Wildtype,Methylated,Not Available,N,0,
UPENN-GBM-00545_11,F,73.72,37,Wildtype,Not Available,Not Available,N,0,
UPENN-GBM-00546_11,M,67.11,127,Wildtype,Methylated,40,N,0,
UPENN-GBM-00547_11,M,67.72,121,Wildtype,Unmethylated,Not Available,Not Available,0,
UPENN-GBM-00548_11,M,67.5,356,Wildtype,Not Available,Not Available,N,0,
UPENN-GBM-00549_11,F,61.33,490,Wildtype,Unmethylated,90,Y,0,
UPENN-GBM-00550_11,M,72.03,166,Wildtype,Not Available,Not Available,N,0,
UPENN-GBM-00551_11,M,71.27,376,Wildtype,Methylated,70,N,0,
UPENN-GBM-00552_11,M,78.13,384,Wildtype,Unmethylated,80,N,0,
UPENN-GBM-00553_11,F,59.62,Not Available,Mutated,Methylated,Not Available,N,0,
UPENN-GBM-00554_11,M,51.24,376,Wildtype,Methylated,Not Available,N,0,
UPENN-GBM-00555_11,M,72.82,302,Wildtype,Methylated,Not Available,Y,0,
UPENN-GBM-00556_11,M,73.05,434,Wildtype,Methylated,Not Available,Y,0,
UPENN-GBM-00557_11,F,59.21,350,Mutated,Methylated,Not Available,Y,0,
UPENN-GBM-00558_11,F,79.16,430,Wildtype,Unmethylated,Not Available,Y,0,
UPENN-GBM-00559_11,F,73.32,449,Wildtype,Methylated,Not Available,N,0,
UPENN-GBM-00560_11,M,67.95,273,Wildtype,Unmethylated,80,N,0,
UPENN-GBM-00561_11,F,72.82,80,Wildtype,Indeterminate,Not Available,N,0,
UPENN-GBM-00562_11,M,81.42,33,Wildtype,Unmethylated,Not Available,Y,0,
UPENN-GBM-00563_11,M,28.11,36,Wildtype,Unmethylated,Not Available,N,0,
UPENN-GBM-00564_11,M,36.32,Not Available,Mutated,Methylated,Not Available,N,0,
UPENN-GBM-00565_11,F,58.63,Not Available,Wildtype,Methylated,Not Available,Not Available,0,
UPENN-GBM-00566_11,M,67.77,Not Available,Wildtype,Methylated,Not Available,Y,0,
UPENN-GBM-00567_11,M,38.86,Not Available,Wildtype,Methylated,Not Available,N,0,
UPENN-GBM-00568_11,M,71.62,Not Available,Wildtype,Methylated,Not Available,Y,0,
UPENN-GBM-00569_11,M,41.24,Not Available,Mutated,Methylated,Not Available,N,0,
UPENN-GBM-00570_11,M,64.79,259,Wildtype,Unmethylated,Not Available,Y,0,
UPENN-GBM-00571_11,F,75.39,81,NOS/NEC,Not Available,Not Available,N,0,
UPENN-GBM-00572_11,F,74.22,104,Wildtype,Unmethylated,90,N,0,
UPENN-GBM-00573_11,F,60.73,203,Wildtype,Not Available,Not Available,N,0,
UPENN-GBM-00574_11,M,76.13,234,Wildtype,Unmethylated,Not Available,Y,0,
UPENN-GBM-00575_11,F,76.93,153,Wildtype,Unmethylated,Not Available,Y,0,
UPENN-GBM-00576_11,M,87.59,440,Wildtype,Unmethylated,Not Available,Y,0,
UPENN-GBM-00577_11,F,64.92,Not Available,Wildtype,Not Available,Not Available,Y,0,
UPENN-GBM-00578_11,M,67.87,Not Available,Wildtype,Methylated,Not Available,N,0,
UPENN-GBM-00579_11,F,58.51,Not Available,Wildtype,Methylated,Not Available,Not Available,0,
UPENN-GBM-00580_11,F,68.11,Not Available,Wildtype,Methylated,Not Available,N,0,
UPENN-GBM-00581_11,M,54.63,324,Wildtype,Unmethylated,Not Available,Y,0,
UPENN-GBM-00582_11,M,78.03,Not Available,Wildtype,Not Available,80,Y,0,
UPENN-GBM-00583_11,M,51.88,123,Wildtype,Unmethylated,Not Available,N,0,
UPENN-GBM-00584_11,M,75.32,Not Available,Wildtype,Unmethylated,Not Available,Y,0,
UPENN-GBM-00585_11,M,60.48,147,Wildtype,Unmethylated,Not Available,N,0,
UPENN-GBM-00586_11,F,70.64,Not Available,Wildtype,Methylated,Not Available,Y,0,
UPENN-GBM-00587_11,M,63.68,154,Wildtype,Unmethylated,Not Available,N,0,
UPENN-GBM-00588_11,M,61.97,61,Wildtype,Methylated,Not Available,N,0,
UPENN-GBM-00589_11,M,80.93,26,Wildtype,Not Available,Not Available,Y,0,
UPENN-GBM-00590_11,F,69.22,297,Wildtype,Unmethylated,90,N,0,
UPENN-GBM-00591_11,M,75.92,59,Wildtype,Unmethylated,Not Available,Not Available,0,
UPENN-GBM-00592_11,F,52.33,Not Available,Mutated,Methylated,Not Available,Y,0,
UPENN-GBM-00593_11,M,57.82,223,Wildtype,Unmethylated,Not Available,N,0,
UPENN-GBM-00594_11,M,52.3,Not Available,Wildtype,Methylated,80,N,0,
UPENN-GBM-00595_11,M,69.12,Not Available,Wildtype,Methylated,Not Available,Not Available,0,
UPENN-GBM-00596_11,F,81.95,46,Wildtype,Unmethylated,60,Not Available,0,
UPENN-GBM-00597_11,F,61.92,381,Wildtype,Unmethylated,Not Available,Y,0,
UPENN-GBM-00598_11,F,61.56,Not Available,Wildtype,Methylated,Not Available,Y,0,
UPENN-GBM-00599_11,M,60.01,Not Available,Wildtype,Unmethylated,Not Available,Y,0,
UPENN-GBM-00600_11,M,51.52,Not Available,Wildtype,Not Available,Not Available,Y,0,
UPENN-GBM-00601_11,M,59.69,435,Wildtype,Not Available,Not Available,Y,0,
UPENN-GBM-00602_11,M,77.19,252,Wildtype,Methylated,Not Available,Not Available,0,
UPENN-GBM-00603_11,M,57.72,Not Available,Wildtype,Not Available,70,N,0,
UPENN-GBM-00604_11,F,62.0,234,Wildtype,Unmethylated,90,Not Available,0,
UPENN-GBM-00605_11,M,60.38,Not Available,Wildtype,Unmethylated,Not Available,Y,0,
UPENN-GBM-00606_11,M,58.12,Not Available,Wildtype,Methylated,Not Available,Y,0,
UPENN-GBM-00607_11,F,68.15,Not Available,Wildtype,Methylated,Not Available,N,0,
UPENN-GBM-00608_11,F,79.9,Not Available,Wildtype,Methylated,Not Available,N,0,
UPENN-GBM-00609_11,M,29.01,138,Wildtype,Unmethylated,Not Available,N,0,
UPENN-GBM-00610_11,M,47.44,Not Available,Mutated,Not Available,Not Available,Not Available,0,
UPENN-GBM-00611_11,M,58.09,551,Wildtype,Not Available,Not Available,N,0,
